CountyName ,Race/Ethnicity,PeopleVaccinated,PeopleFullyVaccinated,TotalVaccinations
Anderson,Asian,230,212,438
Anderson,Black,4983,4491,9330
Anderson,Hispanic,2257,1940,4061
Anderson,Other,4153,3714,7885
Anderson,Unknown,979,763,1674
Anderson,White,12285,10913,22371
Andrews,Asian,53,47,105
Andrews,Black,69,63,142
Andrews,Hispanic,3517,3130,6871
Andrews,Other,293,254,565
Andrews,Unknown,1217,1117,2364
Andrews,White,3209,2820,6277
Angelina,Asian,375,336,760
Angelina,Black,4467,3944,8634
Angelina,Hispanic,7766,6924,14611
Angelina,Other,6616,5693,12873
Angelina,Unknown,3747,3285,7002
Angelina,White,17391,15787,33846
Aransas,Asian,276,245,519
Aransas,Black,109,91,207
Aransas,Hispanic,2673,2306,5044
Aransas,Other,2479,2244,5199
Aransas,Unknown,767,658,1455
Aransas,White,8576,7529,16659
Archer,Asian,6,6,12
Archer,Black,23,21,39
Archer,Hispanic,252,233,465
Archer,Other,751,703,1533
Archer,Unknown,500,435,959
Archer,White,2623,2431,5112
Armstrong,Asian,4,4,8
Armstrong,Black,5,4,7
Armstrong,Hispanic,51,43,93
Armstrong,Other,102,91,199
Armstrong,Unknown,108,97,204
Armstrong,White,485,407,908
Atascosa,Asian,115,101,223
Atascosa,Black,141,119,256
Atascosa,Hispanic,11971,10487,22507
Atascosa,Other,4310,3742,8362
Atascosa,Unknown,1335,1086,2425
Atascosa,White,8119,7159,15388
Austin,Asian,113,95,198
Austin,Black,956,834,1660
Austin,Hispanic,3377,2855,6010
Austin,Other,2266,2028,4613
Austin,Unknown,1026,822,1612
Austin,White,7613,6855,14133
Bailey,Asian,12,11,21
Bailey,Black,10,10,20
Bailey,Hispanic,1160,906,1974
Bailey,Other,134,115,244
Bailey,Unknown,1001,944,1996
Bailey,White,578,481,1068
Bandera,Asian,52,47,97
Bandera,Black,79,70,151
Bandera,Hispanic,1372,1211,2603
Bandera,Other,1831,1648,3661
Bandera,Unknown,1241,1052,2178
Bandera,White,6111,5447,11570
Bastrop,Asian,383,332,714
Bastrop,Black,1718,1418,3114
Bastrop,Hispanic,16552,13415,29815
Bastrop,Other,15377,13423,30082
Bastrop,Unknown,4294,3063,7343
Bastrop,White,15477,13320,28788
Baylor,Asian,9,8,18
Baylor,Black,23,20,48
Baylor,Hispanic,92,72,155
Baylor,Other,70,64,139
Baylor,Unknown,426,402,837
Baylor,White,886,805,1693
Bee,Asian,115,99,232
Bee,Black,937,778,1749
Bee,Hispanic,5886,5038,11640
Bee,Other,3135,2546,5994
Bee,Unknown,2299,1975,4365
Bee,White,4764,4212,9304
Bell,Asian,5003,4387,9579
Bell,Black,24439,20410,44993
Bell,Hispanic,27731,23710,51644
Bell,Other,25854,22490,50520
Bell,Unknown,10673,8361,18965
Bell,White,64055,57040,124911
Bexar,Asian,31776,28342,61969
Bexar,Black,52553,44788,99512
Bexar,Hispanic,578161,499648,1102441
Bexar,Other,243388,212751,480206
Bexar,Unknown,69070,53505,122679
Bexar,White,347557,306395,671603
Blanco,Asian,20,16,37
Blanco,Black,32,28,59
Blanco,Hispanic,895,784,1646
Blanco,Other,897,803,1865
Blanco,Unknown,255,216,456
Blanco,White,4325,3898,8501
Borden,Asian,1,1,1
Borden,Black,1,0,1
Borden,Hispanic,33,29,57
Borden,Other,34,33,66
Borden,Unknown,16,15,31
Borden,White,137,122,239
Bosque,Asian,29,27,58
Bosque,Black,102,90,193
Bosque,Hispanic,993,858,1838
Bosque,Other,966,883,1955
Bosque,Unknown,1034,809,1848
Bosque,White,5644,5135,10862
Bowie,Asian,572,515,1118
Bowie,Black,6817,5782,12561
Bowie,Hispanic,2662,2238,4818
Bowie,Other,3705,3281,7311
Bowie,Unknown,1810,1217,2869
Bowie,White,19296,16701,36088
Brazoria,Asian,15240,14202,29948
Brazoria,Black,27674,24806,53448
Brazoria,Hispanic,51282,45581,96831
Brazoria,Other,45271,41843,92579
Brazoria,Unknown,8392,6890,15280
Brazoria,White,69500,63034,132431
Brazos,Asian,8371,7387,15845
Brazos,Black,8952,7711,16389
Brazos,Hispanic,23052,19933,42663
Brazos,Other,17167,15392,34005
Brazos,Unknown,5733,4138,9485
Brazos,White,59486,53132,112933
Brewster,Asian,47,45,92
Brewster,Black,31,21,48
Brewster,Hispanic,2054,1720,3802
Brewster,Other,462,370,919
Brewster,Unknown,520,424,911
Brewster,White,2357,2100,4567
Briscoe,Black,13,13,26
Briscoe,Hispanic,129,118,245
Briscoe,Other,73,62,152
Briscoe,Unknown,18,14,34
Briscoe,White,411,371,842
Brooks,Asian,10,10,20
Brooks,Black,6,5,11
Brooks,Hispanic,2942,2610,5570
Brooks,Other,283,234,551
Brooks,Unknown,142,112,256
Brooks,White,1282,1120,2485
Brown,Asian,119,112,210
Brown,Black,404,362,691
Brown,Hispanic,2610,2286,4573
Brown,Other,2814,2525,5063
Brown,Unknown,2021,1855,3243
Brown,White,7699,7012,13476
Burleson,Asian,52,48,95
Burleson,Black,909,831,1690
Burleson,Hispanic,1209,1085,2235
Burleson,Other,870,798,1741
Burleson,Unknown,679,512,1099
Burleson,White,5274,4831,10073
Burnet,Asian,253,223,469
Burnet,Black,322,262,560
Burnet,Hispanic,3231,2778,5821
Burnet,Other,4656,4180,9511
Burnet,Unknown,1341,1122,2270
Burnet,White,15939,14257,30364
Caldwell,Asian,112,103,215
Caldwell,Black,771,683,1461
Caldwell,Hispanic,9310,7786,16982
Caldwell,Other,4263,3698,8180
Caldwell,Unknown,2667,2203,4622
Caldwell,White,7854,7009,14813
Calhoun,Asian,686,640,1212
Calhoun,Black,198,167,364
Calhoun,Hispanic,4659,4045,8457
Calhoun,Other,1218,1133,2288
Calhoun,Unknown,626,499,1107
Calhoun,White,4344,3855,8095
Callahan,Asian,41,37,75
Callahan,Black,19,11,30
Callahan,Hispanic,408,336,747
Callahan,Other,457,416,934
Callahan,Unknown,565,501,1105
Callahan,White,3906,3490,7358
Cameron,Asian,988,903,1825
Cameron,Black,635,561,1033
Cameron,Hispanic,235849,203503,441888
Cameron,Other,19811,17094,38862
Cameron,Unknown,27714,24170,54144
Cameron,White,42574,37183,81065
Camp,Asian,48,42,90
Camp,Black,757,645,1416
Camp,Hispanic,1166,923,2060
Camp,Other,678,611,1398
Camp,Unknown,281,240,521
Camp,White,2746,2416,5316
Carson,Asian,14,12,28
Carson,Black,6,5,9
Carson,Hispanic,170,138,314
Carson,Other,185,168,362
Carson,Unknown,278,248,549
Carson,White,1470,1265,2782
Cass,Asian,62,55,117
Cass,Black,1614,1404,2961
Cass,Hispanic,627,546,1186
Cass,Other,1377,1256,2767
Cass,Unknown,506,356,781
Cass,White,6588,5820,12016
Castro,Asian,7,7,14
Castro,Black,36,27,66
Castro,Hispanic,2020,1631,3661
Castro,Other,176,138,323
Castro,Unknown,216,168,385
Castro,White,915,801,1812
Chambers,Asian,436,394,824
Chambers,Black,1609,1394,3057
Chambers,Hispanic,4164,3545,7737
Chambers,Other,2574,2251,5027
Chambers,Unknown,882,691,1574
Chambers,White,12127,10635,22972
Cherokee,Asian,129,116,234
Cherokee,Black,2531,2268,4732
Cherokee,Hispanic,4205,3503,7463
Cherokee,Other,2363,2092,4651
Cherokee,Unknown,1359,1172,2444
Cherokee,White,10927,9793,20735
Childress,Asian,44,39,82
Childress,Black,312,300,522
Childress,Hispanic,615,566,1088
Childress,Other,480,444,799
Childress,Unknown,125,95,217
Childress,White,2053,1936,3958
Clay,Asian,16,16,34
Clay,Black,21,20,41
Clay,Hispanic,203,182,399
Clay,Other,591,549,1263
Clay,Unknown,381,342,726
Clay,White,3357,3099,6716
Cochran,Asian,3,3,4
Cochran,Black,24,20,40
Cochran,Hispanic,570,505,1006
Cochran,Other,81,74,152
Cochran,Unknown,165,140,304
Cochran,White,297,280,535
Coke,Asian,1,1,2
Coke,Black,2,2,4
Coke,Hispanic,195,172,374
Coke,Other,181,159,364
Coke,Unknown,38,27,61
Coke,White,908,810,1810
Coleman,Asian,15,13,31
Coleman,Black,28,24,48
Coleman,Hispanic,276,239,506
Coleman,Other,262,220,479
Coleman,Unknown,1269,1120,2414
Coleman,White,1334,1237,2547
Collin,Asian,119093,109445,232139
Collin,Black,52118,46012,99307
Collin,Hispanic,93190,80875,173346
Collin,Other,120819,110490,251181
Collin,Unknown,31138,25135,55529
Collin,White,280933,254540,550484
Collingsworth,Asian,3,3,6
Collingsworth,Black,22,14,32
Collingsworth,Hispanic,179,143,291
Collingsworth,Other,78,70,152
Collingsworth,Unknown,73,49,122
Collingsworth,White,615,549,1101
Colorado,Asian,73,66,133
Colorado,Black,959,871,1787
Colorado,Hispanic,2463,2186,4411
Colorado,Other,1236,1104,2510
Colorado,Unknown,1079,938,1883
Colorado,White,5836,5265,10916
Comal,Asian,1278,1144,2443
Comal,Black,1732,1479,3252
Comal,Hispanic,19071,16637,35471
Comal,Other,17898,16011,36194
Comal,Unknown,5531,4537,9855
Comal,White,51916,46796,98990
Comanche,Asian,18,14,32
Comanche,Black,10,6,18
Comanche,Hispanic,1197,1062,2171
Comanche,Other,424,371,851
Comanche,Unknown,1541,1391,3100
Comanche,White,3107,2841,6027
Concho,Asian,7,6,14
Concho,Black,18,6,24
Concho,Hispanic,393,249,622
Concho,Other,112,100,227
Concho,Unknown,193,175,358
Concho,White,708,645,1369
Cooke,Asian,168,137,307
Cooke,Black,328,269,596
Cooke,Hispanic,2557,2014,4460
Cooke,Other,1651,1379,3157
Cooke,Unknown,1951,1688,3533
Cooke,White,10078,8656,18695
Coryell,Asian,576,498,1081
Coryell,Black,4010,3497,7543
Coryell,Hispanic,3203,2782,6022
Coryell,Other,5290,4645,10258
Coryell,Unknown,1945,1488,3466
Coryell,White,16488,14638,31670
Cottle,Black,13,13,22
Cottle,Hispanic,108,91,203
Cottle,Other,98,90,195
Cottle,Unknown,25,24,47
Cottle,White,304,278,575
Crane,Asian,8,8,17
Crane,Black,12,10,21
Crane,Hispanic,1192,846,2189
Crane,Other,177,139,340
Crane,Unknown,89,71,163
Crane,White,591,454,1108
Crockett,Asian,16,14,36
Crockett,Black,6,5,10
Crockett,Hispanic,904,789,1773
Crockett,Other,174,149,363
Crockett,Unknown,45,36,81
Crockett,White,474,417,961
Crosby,Asian,7,6,12
Crosby,Black,43,39,80
Crosby,Hispanic,1150,1040,2222
Crosby,Other,264,228,516
Crosby,Unknown,264,234,538
Crosby,White,892,831,1794
Culberson,Asian,33,28,61
Culberson,Black,2,1,3
Culberson,Hispanic,766,677,1461
Culberson,Other,65,57,131
Culberson,Unknown,153,146,305
Culberson,White,205,177,375
Dallam,Asian,16,15,34
Dallam,Black,41,29,69
Dallam,Hispanic,1610,1161,2805
Dallam,Other,294,213,517
Dallam,Unknown,845,600,1476
Dallam,White,847,673,1564
Dallas,Asian,116591,105480,225646
Dallas,Black,230849,198878,435988
Dallas,Hispanic,561276,475153,1028386
Dallas,Other,229185,199751,461429
Dallas,Unknown,63803,49020,111169
Dallas,White,411735,369614,806336
Dawson,Asian,18,18,37
Dawson,Black,384,346,643
Dawson,Hispanic,1693,1429,3076
Dawson,Other,709,598,1199
Dawson,Unknown,352,320,682
Dawson,White,1462,1279,2607
Deaf Smith,Asian,31,30,62
Deaf Smith,Black,43,36,82
Deaf Smith,Hispanic,4912,4344,8887
Deaf Smith,Other,479,401,903
Deaf Smith,Unknown,851,723,1619
Deaf Smith,White,1678,1527,3249
Delta,Asian,15,11,25
Delta,Black,115,104,220
Delta,Hispanic,121,98,218
Delta,Other,276,252,548
Delta,Unknown,160,141,313
Delta,White,1180,1055,2310
Denton,Asian,52888,48605,102409
Denton,Black,41955,37447,81087
Denton,Hispanic,93954,82636,178231
Denton,Other,90690,83207,189764
Denton,Unknown,19274,15628,33505
Denton,White,248208,229386,497704
DeWitt,Asian,57,47,105
DeWitt,Black,579,533,1110
DeWitt,Hispanic,1751,1595,3193
DeWitt,Other,1484,1299,2926
DeWitt,Unknown,695,580,1300
DeWitt,White,4759,4410,9203
Dickens,Asian,5,5,10
Dickens,Black,9,10,18
Dickens,Hispanic,116,104,208
Dickens,Other,75,63,146
Dickens,Unknown,41,32,71
Dickens,White,493,457,937
Dimmit,Asian,31,30,69
Dimmit,Black,37,32,72
Dimmit,Hispanic,6607,4017,11019
Dimmit,Other,408,352,852
Dimmit,Unknown,543,458,1012
Dimmit,White,1130,1002,2337
Donley,Asian,6,6,12
Donley,Black,27,20,48
Donley,Hispanic,97,71,170
Donley,Other,281,251,557
Donley,Unknown,105,87,205
Donley,White,791,678,1509
Duval,Asian,23,23,50
Duval,Black,118,104,226
Duval,Hispanic,5263,4541,10222
Duval,Other,510,413,1011
Duval,Unknown,363,278,661
Duval,White,1278,1056,2464
Eastland,Asian,55,51,94
Eastland,Black,57,43,103
Eastland,Hispanic,847,681,1492
Eastland,Other,606,526,1095
Eastland,Unknown,576,462,1039
Eastland,White,4766,4152,8858
Ector,Asian,1059,957,2136
Ector,Black,2096,1774,3933
Ector,Hispanic,29082,24286,54790
Ector,Other,9691,8469,18603
Ector,Unknown,4410,3578,7914
Ector,White,27011,24185,51936
Edwards,Black,2,1,3
Edwards,Hispanic,250,211,470
Edwards,Other,65,57,126
Edwards,Unknown,66,58,123
Edwards,White,362,328,696
El Paso,Asian,3798,3252,7275
El Paso,Black,6103,4902,10851
El Paso,Hispanic,490872,424392,926306
El Paso,Other,27507,23038,53263
El Paso,Unknown,53388,43757,100042
El Paso,White,42323,35956,79674
Ellis,Asian,891,792,1719
Ellis,Black,11753,10271,22321
Ellis,Hispanic,19231,16524,35599
Ellis,Other,14015,12361,27770
Ellis,Unknown,4064,3229,6961
Ellis,White,49467,44116,94635
Erath,Asian,163,149,311
Erath,Black,134,112,236
Erath,Hispanic,2699,2302,4942
Erath,Other,2276,2083,4639
Erath,Unknown,887,771,1606
Erath,White,10178,9037,19165
Falls,Asian,47,45,95
Falls,Black,1493,1253,2747
Falls,Hispanic,1224,1040,2251
Falls,Other,1045,885,1978
Falls,Unknown,644,551,1190
Falls,White,3708,3233,7119
Fannin,Asian,75,68,142
Fannin,Black,798,715,1459
Fannin,Hispanic,1428,1242,2539
Fannin,Other,1309,1172,2577
Fannin,Unknown,1572,1366,3076
Fannin,White,9558,8552,18046
Fayette,Asian,62,51,115
Fayette,Black,537,448,966
Fayette,Hispanic,1631,1303,2785
Fayette,Other,2564,2305,5228
Fayette,Unknown,801,661,1427
Fayette,White,8341,7281,15321
Fisher,Asian,1,1,2
Fisher,Black,22,18,35
Fisher,Hispanic,331,287,594
Fisher,Other,80,57,140
Fisher,Unknown,235,210,465
Fisher,White,810,738,1475
Floyd,Asian,4,4,7
Floyd,Black,37,33,69
Floyd,Hispanic,1117,1016,2118
Floyd,Other,189,154,353
Floyd,Unknown,164,142,291
Floyd,White,1047,961,2003
Foard,Asian,1,0,1
Foard,Black,21,19,37
Foard,Hispanic,62,41,103
Foard,Other,25,23,51
Foard,Unknown,132,110,263
Foard,White,330,272,644
Fort Bend,Asian,105882,97007,208648
Fort Bend,Black,81838,72621,157258
Fort Bend,Hispanic,118610,104198,223163
Fort Bend,Other,113756,104810,235788
Fort Bend,Unknown,24363,18969,43215
Fort Bend,White,132251,119205,256960
Franklin,Asian,30,25,53
Franklin,Black,129,111,245
Franklin,Hispanic,438,358,775
Franklin,Other,451,401,923
Franklin,Unknown,545,450,928
Franklin,White,2543,2238,4773
Freestone,Asian,63,52,116
Freestone,Black,1136,1009,2111
Freestone,Hispanic,737,629,1311
Freestone,Other,1154,1008,2223
Freestone,Unknown,286,203,460
Freestone,White,4567,4102,8323
Frio,Asian,43,37,81
Frio,Black,636,572,762
Frio,Hispanic,7278,6357,11889
Frio,Other,1521,1312,2422
Frio,Unknown,704,558,1291
Frio,White,1682,1484,3117
Gaines,Asian,25,22,46
Gaines,Black,60,56,108
Gaines,Hispanic,1969,1707,3470
Gaines,Other,415,351,773
Gaines,Unknown,1016,928,1910
Gaines,White,1305,1160,2393
Galveston,Asian,9373,8758,18367
Galveston,Black,20880,18883,42338
Galveston,Hispanic,42977,38730,84377
Galveston,Other,49416,46702,109596
Galveston,Unknown,6028,4754,10256
Galveston,White,76693,69642,148567
Garza,Asian,18,15,27
Garza,Black,67,55,96
Garza,Hispanic,2055,1951,3026
Garza,Other,190,156,345
Garza,Unknown,54,47,100
Garza,White,760,698,1408
Gillespie,Asian,98,87,178
Gillespie,Black,28,25,57
Gillespie,Hispanic,1697,1420,3087
Gillespie,Other,1916,1752,4040
Gillespie,Unknown,1725,1533,3258
Gillespie,White,9735,8746,19039
Glasscock,Asian,2,1,3
Glasscock,Hispanic,202,164,362
Glasscock,Other,92,78,175
Glasscock,Unknown,32,25,57
Glasscock,White,302,264,568
Goliad,Asian,13,11,26
Goliad,Black,82,77,155
Goliad,Hispanic,849,737,1606
Goliad,Other,437,406,908
Goliad,Unknown,354,309,684
Goliad,White,1611,1482,3113
Gonzales,Asian,42,39,78
Gonzales,Black,481,436,878
Gonzales,Hispanic,3467,3166,6168
Gonzales,Other,1361,1200,2567
Gonzales,Unknown,1176,1027,2117
Gonzales,White,4147,3786,7688
Gray,Asian,61,61,123
Gray,Black,334,310,564
Gray,Hispanic,1557,1353,2889
Gray,Other,1172,1053,2169
Gray,Unknown,943,792,1753
Gray,White,4645,4201,8768
Grayson,Asian,639,578,1145
Grayson,Black,2458,2120,4275
Grayson,Hispanic,6384,5453,11268
Grayson,Other,8686,7609,17215
Grayson,Unknown,5897,5074,10887
Grayson,White,37181,32814,68305
Gregg,Asian,804,720,1557
Gregg,Black,9183,8048,17767
Gregg,Hispanic,9344,8098,17446
Gregg,Other,8587,7729,17790
Gregg,Unknown,3823,3095,6898
Gregg,White,28021,25196,55346
Grimes,Asian,81,76,156
Grimes,Black,1855,1656,3422
Grimes,Hispanic,2598,2230,4727
Grimes,Other,2120,1885,4133
Grimes,Unknown,1590,1292,2819
Grimes,White,7710,6895,14539
Guadalupe,Asian,1621,1462,3060
Guadalupe,Black,5041,4379,9413
Guadalupe,Hispanic,26597,23586,48862
Guadalupe,Other,16668,14904,33228
Guadalupe,Unknown,6793,5783,12289
Guadalupe,White,35983,32587,66612
Hale,Asian,68,56,123
Hale,Black,431,392,702
Hale,Hispanic,6669,6016,12193
Hale,Other,1860,1617,3240
Hale,Unknown,904,766,1655
Hale,White,3965,3624,7272
Hall,Asian,7,6,14
Hall,Black,62,56,115
Hall,Hispanic,393,349,702
Hall,Other,122,110,238
Hall,Unknown,47,38,83
Hall,White,668,611,1298
Hamilton,Asian,12,13,25
Hamilton,Black,9,9,15
Hamilton,Hispanic,442,373,780
Hamilton,Other,197,183,408
Hamilton,Unknown,287,249,535
Hamilton,White,3326,3081,6358
Hansford,Asian,7,7,14
Hansford,Black,2,2,6
Hansford,Hispanic,944,859,1600
Hansford,Other,80,64,145
Hansford,Unknown,261,233,497
Hansford,White,998,918,1897
Hardeman,Asian,13,13,25
Hardeman,Black,56,49,99
Hardeman,Hispanic,277,252,498
Hardeman,Other,57,52,110
Hardeman,Unknown,375,347,761
Hardeman,White,1037,956,1984
Hardin,Asian,190,169,360
Hardin,Black,1106,947,2080
Hardin,Hispanic,1163,973,2129
Hardin,Other,3545,3164,7105
Hardin,Unknown,1564,1228,2763
Hardin,White,15241,13349,29238
Harris,Asian,213410,195106,405812
Harris,Black,350639,298660,648690
Harris,Hispanic,1121438,959432,2050830
Harris,Other,496809,445308,989593
Harris,Unknown,142763,106782,250277
Harris,White,708735,633479,1357736
Harrison,Asian,192,182,362
Harrison,Black,4818,4296,9039
Harrison,Hispanic,2838,2502,5183
Harrison,Other,3781,3408,7680
Harrison,Unknown,1845,1469,3156
Harrison,White,13388,11988,25258
Hartley,Asian,8,7,16
Hartley,Black,98,92,179
Hartley,Hispanic,898,675,1520
Hartley,Other,406,364,758
Hartley,Unknown,518,407,943
Hartley,White,1003,848,1916
Haskell,Asian,20,17,39
Haskell,Black,52,41,90
Haskell,Hispanic,463,329,770
Haskell,Other,153,117,284
Haskell,Unknown,224,207,430
Haskell,White,1389,1178,2526
Hays,Asian,2512,2191,4731
Hays,Black,3893,3362,7198
Hays,Hispanic,40575,33675,74518
Hays,Other,23958,21345,48234
Hays,Unknown,15152,12739,26801
Hays,White,61150,54730,117829
Hemphill,Asian,8,7,12
Hemphill,Black,2,1,2
Hemphill,Hispanic,438,391,716
Hemphill,Other,139,117,274
Hemphill,Unknown,178,157,340
Hemphill,White,917,840,1695
Henderson,Asian,272,233,507
Henderson,Black,1625,1418,3050
Henderson,Hispanic,4063,3453,7436
Henderson,Other,4115,3678,8255
Henderson,Unknown,2229,1851,3807
Henderson,White,22123,19577,42032
Hidalgo,Asian,2804,2498,5525
Hidalgo,Black,1336,1111,2466
Hidalgo,Hispanic,486660,418813,930804
Hidalgo,Other,39850,33267,74055
Hidalgo,Unknown,26788,21460,49137
Hidalgo,White,88692,77653,165667
Hill,Asian,123,112,238
Hill,Black,617,498,1076
Hill,Hispanic,2329,1969,4159
Hill,Other,1691,1501,3285
Hill,Unknown,1307,1029,2248
Hill,White,9550,8518,17554
Hockley,Asian,44,40,82
Hockley,Black,228,192,418
Hockley,Hispanic,4197,3680,7756
Hockley,Other,1063,891,1972
Hockley,Unknown,996,880,1767
Hockley,White,3722,3378,7030
Hood,Asian,256,233,493
Hood,Black,165,149,323
Hood,Hispanic,2543,2242,4767
Hood,Other,4333,3914,9102
Hood,Unknown,1010,829,1835
Hood,White,22410,20404,44034
Hopkins,Asian,149,131,285
Hopkins,Black,853,747,1620
Hopkins,Hispanic,2312,2022,4220
Hopkins,Other,2885,2588,5732
Hopkins,Unknown,788,620,1305
Hopkins,White,8343,7416,16012
Houston,Asian,92,75,160
Houston,Black,2260,2008,4233
Houston,Hispanic,990,822,1751
Houston,Other,1154,1026,2183
Houston,Unknown,531,417,929
Houston,White,4962,4517,9502
Howard,Asian,118,95,209
Howard,Black,224,188,379
Howard,Hispanic,4380,3806,7263
Howard,Other,3045,2804,6031
Howard,Unknown,957,784,1696
Howard,White,4572,4027,8442
Hudspeth,Asian,15,14,29
Hudspeth,Black,40,33,69
Hudspeth,Hispanic,2253,2011,4310
Hudspeth,Other,112,95,210
Hudspeth,Unknown,148,124,281
Hudspeth,White,742,677,995
Hunt,Asian,568,510,1054
Hunt,Black,2470,2114,4636
Hunt,Hispanic,7259,6028,13079
Hunt,Other,5090,4527,10260
Hunt,Unknown,2438,2030,4271
Hunt,White,25239,22419,48628
Hutchinson,Asian,43,35,80
Hutchinson,Black,105,92,194
Hutchinson,Hispanic,1401,1197,2588
Hutchinson,Other,1049,896,2025
Hutchinson,Unknown,844,679,1551
Hutchinson,White,4098,3637,7884
Irion,Asian,2,1,3
Irion,Black,7,6,14
Irion,Hispanic,127,120,263
Irion,Other,140,123,270
Irion,Unknown,24,21,41
Irion,White,360,320,718
Jack,Asian,21,19,37
Jack,Black,160,133,293
Jack,Hispanic,478,408,842
Jack,Other,341,286,663
Jack,Unknown,298,249,541
Jack,White,2285,2061,4263
Jackson,Asian,62,54,111
Jackson,Black,278,239,550
Jackson,Hispanic,1358,1154,2562
Jackson,Other,680,584,1303
Jackson,Unknown,1473,1319,2705
Jackson,White,2866,2623,5842
Jasper,Asian,80,73,157
Jasper,Black,1835,1631,3418
Jasper,Hispanic,764,662,1389
Jasper,Other,1713,1502,3365
Jasper,Unknown,2225,1899,4064
Jasper,White,6917,6179,12957
Jeff Davis,Asian,5,5,9
Jeff Davis,Black,1,1,2
Jeff Davis,Hispanic,414,359,795
Jeff Davis,Other,100,85,200
Jeff Davis,Unknown,94,86,171
Jeff Davis,White,621,576,1311
Jefferson,Asian,7587,6710,13179
Jefferson,Black,31625,27367,62087
Jefferson,Hispanic,21313,17598,39371
Jefferson,Other,21227,18885,43356
Jefferson,Unknown,8143,6769,15623
Jefferson,White,37887,33297,74139
Jim Hogg,Asian,12,3,16
Jim Hogg,Black,6,4,11
Jim Hogg,Hispanic,2599,2056,4882
Jim Hogg,Other,203,170,410
Jim Hogg,Unknown,138,113,255
Jim Hogg,White,395,350,803
Jim Wells,Asian,74,63,143
Jim Wells,Black,60,53,116
Jim Wells,Hispanic,15047,12885,29731
Jim Wells,Other,1812,1535,3684
Jim Wells,Unknown,1553,1233,2838
Jim Wells,White,5800,4958,11285
Johnson,Asian,1017,915,1918
Johnson,Black,3105,2728,5855
Johnson,Hispanic,14072,12035,25846
Johnson,Other,12049,10513,23732
Johnson,Unknown,3738,3051,6614
Johnson,White,47799,42896,91901
Jones,Asian,62,52,113
Jones,Black,879,804,1417
Jones,Hispanic,1472,1117,2410
Jones,Other,1932,1519,3082
Jones,Unknown,650,578,1257
Jones,White,4409,3973,7870
Karnes,Asian,45,43,87
Karnes,Black,577,542,1107
Karnes,Hispanic,3123,2788,5474
Karnes,Other,1123,1032,2171
Karnes,Unknown,665,584,1303
Karnes,White,2864,2640,5355
Kaufman,Asian,1240,1095,2353
Kaufman,Black,8806,7701,16602
Kaufman,Hispanic,15039,12776,27660
Kaufman,Other,8536,7481,16813
Kaufman,Unknown,5726,4665,10411
Kaufman,White,32661,29139,62343
Kendall,Asian,335,299,645
Kendall,Black,215,179,408
Kendall,Hispanic,4914,4289,9178
Kendall,Other,5218,4700,10667
Kendall,Unknown,1694,1376,3021
Kendall,White,17819,16131,34720
Kenedy,Asian,1,1,2
Kenedy,Black,2,2,4
Kenedy,Hispanic,144,125,282
Kenedy,Other,17,12,31
Kenedy,Unknown,45,42,93
Kenedy,White,29,26,63
Kent,Black,2,2,4
Kent,Hispanic,29,26,54
Kent,Other,17,14,33
Kent,Unknown,52,47,101
Kent,White,206,186,377
Kerr,Asian,247,219,449
Kerr,Black,236,197,411
Kerr,Hispanic,3830,3246,6929
Kerr,Other,4178,3663,8216
Kerr,Unknown,1769,1535,3200
Kerr,White,16196,14507,30891
Kimble,Asian,7,7,13
Kimble,Black,5,5,10
Kimble,Hispanic,170,147,350
Kimble,Other,163,150,355
Kimble,Unknown,122,94,218
Kimble,White,1522,1360,2944
King,Asian,3,2,4
King,Hispanic,17,14,28
King,Other,4,2,6
King,Unknown,3,2,5
King,White,31,26,54
Kinney,Asian,7,6,13
Kinney,Black,15,12,28
Kinney,Hispanic,798,669,1452
Kinney,Other,157,135,326
Kinney,Unknown,76,56,133
Kinney,White,816,693,1547
Kleberg,Asian,461,405,880
Kleberg,Black,354,304,681
Kleberg,Hispanic,11818,10349,23642
Kleberg,Other,1706,1488,3517
Kleberg,Unknown,1946,1652,3873
Kleberg,White,3661,3207,7220
Knox,Asian,10,9,18
Knox,Black,46,42,76
Knox,Hispanic,333,284,586
Knox,Other,236,223,454
Knox,Unknown,128,118,246
Knox,White,702,632,1321
La Salle,Asian,14,13,29
La Salle,Black,172,162,299
La Salle,Hispanic,2874,2473,5307
La Salle,Other,354,306,661
La Salle,Unknown,1055,922,2020
La Salle,White,506,456,996
Lamar,Asian,229,201,435
Lamar,Black,2012,1749,3840
Lamar,Hispanic,1184,1003,2114
Lamar,Other,2464,2167,4931
Lamar,Unknown,1869,1677,3923
Lamar,White,12012,10769,23187
Lamb,Asian,6,6,12
Lamb,Black,203,172,360
Lamb,Hispanic,2231,1922,3973
Lamb,Other,549,474,1061
Lamb,Unknown,844,775,1636
Lamb,White,1684,1477,3130
Lampasas,Asian,101,85,191
Lampasas,Black,260,207,466
Lampasas,Hispanic,1250,1079,2294
Lampasas,Other,1764,1575,3482
Lampasas,Unknown,866,710,1462
Lampasas,White,5787,5068,10805
Lavaca,Asian,61,53,110
Lavaca,Black,363,337,643
Lavaca,Hispanic,1161,1019,2019
Lavaca,Other,737,665,1417
Lavaca,Unknown,633,510,1105
Lavaca,White,6077,5672,11418
Lee,Asian,31,28,61
Lee,Black,682,603,1300
Lee,Hispanic,1562,1339,2732
Lee,Other,1116,970,2176
Lee,Unknown,696,558,1168
Lee,White,4300,3856,8224
Leon,Asian,72,61,130
Leon,Black,453,375,788
Leon,Hispanic,724,591,1240
Leon,Other,1027,898,1996
Leon,Unknown,294,223,493
Leon,White,4623,4090,8248
Liberty,Asian,311,283,573
Liberty,Black,2944,2594,5634
Liberty,Hispanic,13203,11131,23906
Liberty,Other,6014,5227,11776
Liberty,Unknown,2180,1667,3726
Liberty,White,15467,13618,28978
Limestone,Asian,98,91,188
Limestone,Black,1144,988,2095
Limestone,Hispanic,1459,1259,2390
Limestone,Other,1822,1590,3436
Limestone,Unknown,487,389,765
Limestone,White,4505,4003,8441
Lipscomb,Asian,6,6,12
Lipscomb,Hispanic,247,231,463
Lipscomb,Other,69,58,141
Lipscomb,Unknown,163,150,319
Lipscomb,White,490,458,954
Live Oak,Asian,18,14,32
Live Oak,Black,14,11,23
Live Oak,Hispanic,1469,1273,2844
Live Oak,Other,485,444,1002
Live Oak,Unknown,398,343,754
Live Oak,White,1854,1645,3560
Llano,Asian,71,63,131
Llano,Black,43,35,81
Llano,Hispanic,846,714,1532
Llano,Other,1322,1213,2787
Llano,Unknown,1025,904,1872
Llano,White,8331,7519,16115
Loving,Hispanic,8,8,16
Loving,Other,4,4,9
Loving,Unknown,1,1,2
Loving,White,28,19,47
Lubbock,Asian,4301,3862,8251
Lubbock,Black,6729,5690,12196
Lubbock,Hispanic,41903,36461,78005
Lubbock,Other,23422,20550,46497
Lubbock,Unknown,11520,9884,21676
Lubbock,White,64753,57983,123642
Lynn,Asian,7,7,16
Lynn,Black,27,26,56
Lynn,Hispanic,963,839,1804
Lynn,Other,253,231,496
Lynn,Unknown,216,181,420
Lynn,White,957,862,1805
Madison,Asian,48,43,93
Madison,Black,1076,942,1979
Madison,Hispanic,1131,869,1923
Madison,Other,1012,887,1966
Madison,Unknown,215,139,325
Madison,White,2828,2529,5261
Marion,Asian,19,14,32
Marion,Black,823,717,1522
Marion,Hispanic,140,121,257
Marion,Other,583,531,1162
Marion,Unknown,210,158,355
Marion,White,2376,2147,4386
Martin,Asian,2,2,4
Martin,Black,8,8,16
Martin,Hispanic,726,590,1308
Martin,Other,160,140,296
Martin,Unknown,328,237,559
Martin,White,755,637,1402
Mason,Asian,1,1,2
Mason,Black,4,3,8
Mason,Hispanic,346,300,666
Mason,Other,239,229,507
Mason,Unknown,95,84,178
Mason,White,1453,1344,2870
Matagorda,Asian,512,437,956
Matagorda,Black,1321,1168,2564
Matagorda,Hispanic,5916,5039,10879
Matagorda,Other,3456,2874,6676
Matagorda,Unknown,686,476,1114
Matagorda,White,6297,5604,11934
Maverick,Asian,62,49,116
Maverick,Black,45,34,75
Maverick,Hispanic,39130,29490,66702
Maverick,Other,2983,2458,5464
Maverick,Unknown,3326,2249,5532
Maverick,White,7889,5861,13388
McCulloch,Asian,20,16,33
McCulloch,Black,40,39,83
McCulloch,Hispanic,618,556,1208
McCulloch,Other,141,123,278
McCulloch,Unknown,140,108,244
McCulloch,White,2213,1983,4222
McLennan,Asian,2796,2482,5223
McLennan,Black,13636,11754,25181
McLennan,Hispanic,24110,20928,43910
McLennan,Other,16161,14313,31517
McLennan,Unknown,7679,6145,13657
McLennan,White,69595,62001,131243
McMullen,Black,1,1,2
McMullen,Hispanic,110,99,204
McMullen,Other,52,50,102
McMullen,Unknown,13,11,24
McMullen,White,161,148,295
Medina,Asian,154,142,294
Medina,Black,652,618,1243
Medina,Hispanic,9971,8930,18883
Medina,Other,4837,4356,9541
Medina,Unknown,1742,1374,3091
Medina,White,10968,10095,21013
Menard,Asian,1,1,2
Menard,Black,7,7,17
Menard,Hispanic,258,229,537
Menard,Other,74,65,151
Menard,Unknown,31,27,55
Menard,White,737,700,1435
Midland,Asian,1843,1637,3648
Midland,Black,3567,3105,6837
Midland,Hispanic,29410,25222,55943
Midland,Other,9394,8113,18472
Midland,Unknown,4433,3491,7931
Midland,White,30042,26764,59258
Milam,Asian,77,67,154
Milam,Black,770,680,1441
Milam,Hispanic,2201,1964,4163
Milam,Other,1324,1176,2596
Milam,Unknown,801,655,1446
Milam,White,6368,5871,12386
Mills,Asian,11,10,19
Mills,Black,4,3,7
Mills,Hispanic,250,230,485
Mills,Other,130,119,263
Mills,Unknown,273,207,481
Mills,White,1458,1300,2882
Mitchell,Asian,23,23,48
Mitchell,Black,257,246,434
Mitchell,Hispanic,783,695,1467
Mitchell,Other,515,454,925
Mitchell,Unknown,273,243,571
Mitchell,White,1295,1177,2424
Montague,Asian,52,51,103
Montague,Black,19,16,31
Montague,Hispanic,675,556,1176
Montague,Other,765,677,1523
Montague,Unknown,743,641,1381
Montague,White,5239,4507,9910
Montgomery,Asian,11215,10079,21599
Montgomery,Black,14500,12455,27051
Montgomery,Hispanic,81271,68292,146823
Montgomery,Other,62209,55384,123556
Montgomery,Unknown,15862,12216,26374
Montgomery,White,163067,144064,311475
Moore,Asian,221,125,345
Moore,Black,120,59,176
Moore,Hispanic,5441,4315,9747
Moore,Other,1187,905,2176
Moore,Unknown,1174,835,2086
Moore,White,2301,1885,4262
Morris,Asian,19,17,33
Morris,Black,1074,923,1984
Morris,Hispanic,476,402,849
Morris,Other,558,510,1129
Morris,Unknown,335,236,568
Morris,White,3116,2801,5833
Motley,Black,5,4,9
Motley,Hispanic,44,25,67
Motley,Other,137,77,224
Motley,Unknown,13,12,29
Motley,White,239,173,416
Nacogdoches,Asian,486,438,907
Nacogdoches,Black,4150,3514,7416
Nacogdoches,Hispanic,5133,4111,8774
Nacogdoches,Other,3354,2968,6688
Nacogdoches,Unknown,2255,1839,4043
Nacogdoches,White,15322,13500,27858
Navarro,Asian,239,207,459
Navarro,Black,2015,1775,3805
Navarro,Hispanic,4865,4208,9022
Navarro,Other,4094,3530,7847
Navarro,Unknown,2077,1705,3800
Navarro,White,10693,9561,20626
Newton,Asian,21,18,39
Newton,Black,756,677,1451
Newton,Hispanic,75,64,133
Newton,Other,325,290,638
Newton,Unknown,488,403,890
Newton,White,1842,1639,3476
Nolan,Asian,60,53,106
Nolan,Black,195,175,347
Nolan,Hispanic,1886,1720,3354
Nolan,Other,518,456,981
Nolan,Unknown,410,345,769
Nolan,White,3431,3199,6384
Nueces,Asian,4802,4242,8494
Nueces,Black,4883,4173,9118
Nueces,Hispanic,106623,91925,203580
Nueces,Other,26093,22777,52884
Nueces,Unknown,12618,10717,23571
Nueces,White,58873,51812,113187
Ochiltree,Asian,15,13,27
Ochiltree,Black,4,3,6
Ochiltree,Hispanic,1897,1664,3456
Ochiltree,Other,253,214,478
Ochiltree,Unknown,387,365,757
Ochiltree,White,1340,1200,2531
Oldham,Asian,20,16,37
Oldham,Black,7,5,12
Oldham,Hispanic,110,95,200
Oldham,Other,103,94,212
Oldham,Unknown,91,80,175
Oldham,White,447,396,852
Orange,Asian,568,475,1047
Orange,Black,2350,2004,4310
Orange,Hispanic,2118,1760,3881
Orange,Other,5650,5036,11368
Orange,Unknown,1945,1515,3400
Orange,White,19054,16547,36007
Palo Pinto,Asian,103,84,186
Palo Pinto,Black,189,160,350
Palo Pinto,Hispanic,1839,1549,3325
Palo Pinto,Other,1764,1581,3586
Palo Pinto,Unknown,581,511,1084
Palo Pinto,White,6960,6231,13380
Panola,Asian,51,51,94
Panola,Black,1275,1140,2307
Panola,Hispanic,660,586,1204
Panola,Other,1221,1109,2375
Panola,Unknown,457,359,781
Panola,White,4915,4361,9023
Parker,Asian,593,535,1133
Parker,Black,657,581,1232
Parker,Hispanic,6353,5525,11798
Parker,Other,9560,8717,19894
Parker,Unknown,4257,3737,7960
Parker,White,44694,40084,85946
Parmer,Asian,10,7,16
Parmer,Black,13,12,24
Parmer,Hispanic,1549,1354,2769
Parmer,Other,153,128,282
Parmer,Unknown,1474,1356,3069
Parmer,White,674,613,1294
Pecos,Asian,85,79,178
Pecos,Black,289,257,469
Pecos,Hispanic,5537,4877,10912
Pecos,Other,923,787,1579
Pecos,Unknown,1270,1072,2378
Pecos,White,1610,1425,3010
Polk,Asian,159,144,302
Polk,Black,2284,2010,4304
Polk,Hispanic,2348,1960,4242
Polk,Other,3069,2751,6150
Polk,Unknown,1378,1141,2436
Polk,White,13534,11920,25653
Potter,Asian,2009,1647,3771
Potter,Black,3222,2675,5801
Potter,Hispanic,16750,13583,30314
Potter,Other,8419,7225,16309
Potter,Unknown,4331,3426,7973
Potter,White,19683,17074,37556
Presidio,Asian,21,21,42
Presidio,Black,11,8,17
Presidio,Hispanic,4851,4043,9292
Presidio,Other,251,195,472
Presidio,Unknown,269,222,469
Presidio,White,1030,934,1846
Rains,Asian,28,24,52
Rains,Black,77,59,139
Rains,Hispanic,330,282,606
Rains,Other,635,594,1321
Rains,Unknown,236,189,408
Rains,White,3388,2998,6476
Randall,Asian,1168,970,2163
Randall,Black,1253,1035,2257
Randall,Hispanic,9998,8385,18292
Randall,Other,8619,7648,17271
Randall,Unknown,6135,5240,11705
Randall,White,36988,32519,70647
Reagan,Asian,5,3,8
Reagan,Black,11,10,18
Reagan,Hispanic,904,808,1626
Reagan,Other,390,364,747
Reagan,Unknown,108,93,208
Reagan,White,232,211,451
Real,Asian,1,1,2
Real,Black,6,6,12
Real,Hispanic,237,191,438
Real,Other,290,273,648
Real,Unknown,71,45,114
Real,White,1132,1034,2207
Red River,Asian,24,21,40
Red River,Black,606,550,1057
Red River,Hispanic,239,194,420
Red River,Other,905,793,1761
Red River,Unknown,653,594,1332
Red River,White,2562,2291,4730
Reeves,Asian,64,60,138
Reeves,Black,56,42,104
Reeves,Hispanic,11014,4241,15504
Reeves,Other,227,177,445
Reeves,Unknown,2268,1847,4489
Reeves,White,569,475,1075
Refugio,Asian,13,11,26
Refugio,Black,182,168,350
Refugio,Hispanic,1488,1359,2889
Refugio,Other,290,262,600
Refugio,Unknown,571,508,1103
Refugio,White,1315,1170,2537
Roberts,Black,1,1,2
Roberts,Hispanic,16,12,27
Roberts,Other,18,16,37
Roberts,Unknown,24,21,48
Roberts,White,205,193,404
Robertson,Asian,70,59,125
Robertson,Black,1220,1070,2155
Robertson,Hispanic,1285,1099,2304
Robertson,Other,923,827,1820
Robertson,Unknown,347,241,544
Robertson,White,4149,3718,7592
Rockwall,Asian,2043,1783,3874
Rockwall,Black,4132,3557,7791
Rockwall,Hispanic,10031,8377,18217
Rockwall,Other,8940,7909,18187
Rockwall,Unknown,3026,2425,5375
Rockwall,White,35319,30898,67122
Runnels,Asian,19,18,39
Runnels,Black,50,44,93
Runnels,Hispanic,1267,1120,2339
Runnels,Other,310,279,596
Runnels,Unknown,370,320,683
Runnels,White,2629,2452,5156
Rusk,Asian,129,111,237
Rusk,Black,3284,2921,5976
Rusk,Hispanic,2874,2456,5212
Rusk,Other,3208,2816,6232
Rusk,Unknown,1104,927,1953
Rusk,White,11413,10112,21301
Sabine,Asian,18,15,27
Sabine,Black,226,191,410
Sabine,Hispanic,92,82,166
Sabine,Other,503,456,987
Sabine,Unknown,474,401,881
Sabine,White,2714,2398,5041
San Augustine,Asian,11,7,18
San Augustine,Black,852,749,1616
San Augustine,Hispanic,191,148,338
San Augustine,Other,364,299,718
San Augustine,Unknown,287,228,507
San Augustine,White,2019,1781,3892
San Jacinto,Asian,43,41,80
San Jacinto,Black,917,801,1648
San Jacinto,Hispanic,1242,1073,2277
San Jacinto,Other,1455,1304,2934
San Jacinto,Unknown,573,459,989
San Jacinto,White,5919,5265,11073
San Patricio,Asian,518,463,968
San Patricio,Black,422,352,737
San Patricio,Hispanic,17302,14731,32512
San Patricio,Other,4901,4329,9769
San Patricio,Unknown,2111,1719,3832
San Patricio,White,14319,12430,26706
San Saba,Asian,8,8,15
San Saba,Black,69,59,128
San Saba,Hispanic,426,347,763
San Saba,Other,537,480,1018
San Saba,Unknown,90,64,145
San Saba,White,1191,1039,2188
Schleicher,Asian,2,2,4
Schleicher,Black,15,14,26
Schleicher,Hispanic,542,489,1039
Schleicher,Other,87,75,176
Schleicher,Unknown,185,177,339
Schleicher,White,486,459,969
Scurry,Asian,47,35,80
Scurry,Black,269,238,447
Scurry,Hispanic,2664,2217,4803
Scurry,Other,696,594,1169
Scurry,Unknown,503,397,899
Scurry,White,4265,3817,8034
Shackelford,Asian,4,1,5
Shackelford,Black,2,2,4
Shackelford,Hispanic,128,111,259
Shackelford,Other,83,79,177
Shackelford,Unknown,90,79,170
Shackelford,White,920,810,1776
Shelby,Asian,163,147,297
Shelby,Black,1690,1458,3117
Shelby,Hispanic,1408,1126,2402
Shelby,Other,994,854,1892
Shelby,Unknown,837,625,1404
Shelby,White,4807,4149,8957
Sherman,Asian,1,1,2
Sherman,Black,6,6,13
Sherman,Hispanic,513,394,854
Sherman,Other,77,37,115
Sherman,Unknown,150,130,283
Sherman,White,409,320,719
Smith,Asian,2245,2013,4370
Smith,Black,15866,13927,30711
Smith,Hispanic,16596,14050,30612
Smith,Other,12088,10955,25564
Smith,Unknown,11158,9637,20521
Smith,White,52268,46905,103079
Somervell,Asian,41,38,79
Somervell,Black,8,7,16
Somervell,Hispanic,466,420,842
Somervell,Other,732,662,1548
Somervell,Unknown,186,161,356
Somervell,White,2564,2316,4789
Starr,Asian,37,32,69
Starr,Black,20,17,37
Starr,Hispanic,41295,37128,76918
Starr,Other,2396,2016,4510
Starr,Unknown,2051,1808,3790
Starr,White,4198,3694,7827
Stephens,Asian,39,35,73
Stephens,Black,116,107,186
Stephens,Hispanic,533,463,914
Stephens,Other,335,291,583
Stephens,Unknown,312,266,551
Stephens,White,2092,1908,3809
Sterling,Asian,1,0,1
Sterling,Black,5,4,9
Sterling,Hispanic,174,153,338
Sterling,Other,89,78,173
Sterling,Unknown,19,11,30
Sterling,White,238,200,463
Stonewall,Asian,8,8,14
Stonewall,Black,5,5,9
Stonewall,Hispanic,77,67,144
Stonewall,Other,18,16,37
Stonewall,Unknown,86,80,176
Stonewall,White,387,352,742
Sutton,Asian,14,14,27
Sutton,Black,2,2,4
Sutton,Hispanic,920,810,1761
Sutton,Other,118,93,211
Sutton,Unknown,107,90,191
Sutton,White,555,507,1112
Swisher,Asian,10,10,19
Swisher,Black,165,139,244
Swisher,Hispanic,896,802,1538
Swisher,Other,334,276,503
Swisher,Unknown,270,230,503
Swisher,White,1309,1178,2327
Tarrant,Asian,76196,69779,149474
Tarrant,Black,140034,122113,266866
Tarrant,Hispanic,268118,231907,501474
Tarrant,Other,191560,172533,393809
Tarrant,Unknown,45036,35362,78068
Tarrant,White,478102,435095,940188
Taylor,Asian,1303,1125,2485
Taylor,Black,3202,2672,5903
Taylor,Hispanic,11126,9476,20785
Taylor,Other,7688,6767,15567
Taylor,Unknown,7953,7048,15743
Taylor,White,34409,30533,66799
Terrell,Black,4,3,7
Terrell,Hispanic,220,193,456
Terrell,Other,57,46,106
Terrell,Unknown,30,20,48
Terrell,White,146,121,280
Terry,Asian,22,19,43
Terry,Black,132,110,215
Terry,Hispanic,1954,1681,3559
Terry,Other,517,422,880
Terry,Unknown,1373,1253,2636
Terry,White,1438,1285,2694
Throckmorton,Asian,1,1,2
Throckmorton,Black,1,1,2
Throckmorton,Hispanic,41,35,76
Throckmorton,Other,39,34,74
Throckmorton,Unknown,57,48,104
Throckmorton,White,521,460,980
Titus,Asian,153,124,285
Titus,Black,1077,914,2049
Titus,Hispanic,5110,3989,8907
Titus,Other,1400,1238,2810
Titus,Unknown,875,704,1580
Titus,White,5561,4808,10466
Tom Green,Asian,715,650,1396
Tom Green,Black,1509,1340,2947
Tom Green,Hispanic,18625,16910,36979
Tom Green,Other,4804,4238,9804
Tom Green,Unknown,2237,1780,3957
Tom Green,White,28910,26535,59174
Travis,Asian,61873,56316,119119
Travis,Black,37015,32046,68586
Travis,Hispanic,211210,178147,389868
Travis,Other,172003,154369,343629
Travis,Unknown,53703,43469,94014
Travis,White,368375,335728,714700
Trinity,Asian,27,25,49
Trinity,Black,443,374,801
Trinity,Hispanic,443,365,802
Trinity,Other,1478,1302,2918
Trinity,Unknown,555,460,983
Trinity,White,3560,3146,6779
Tyler,Asian,41,36,76
Tyler,Black,1016,905,1931
Tyler,Hispanic,364,317,672
Tyler,Other,1031,895,1997
Tyler,Unknown,614,516,1158
Tyler,White,5061,4596,9835
Upshur,Asian,80,69,153
Upshur,Black,1167,1050,2234
Upshur,Hispanic,1199,997,2168
Upshur,Other,1837,1633,3789
Upshur,Unknown,1038,854,1841
Upshur,White,9508,8451,18262
Upton,Asian,6,6,14
Upton,Black,18,15,33
Upton,Hispanic,608,532,1241
Upton,Other,146,133,320
Upton,Unknown,310,274,674
Upton,White,516,421,1014
Uvalde,Asian,82,74,156
Uvalde,Black,38,31,67
Uvalde,Hispanic,6992,6001,13163
Uvalde,Other,1400,1252,3040
Uvalde,Unknown,803,560,1374
Uvalde,White,5418,4865,10686
Val Verde,Asian,107,90,181
Val Verde,Black,149,114,252
Val Verde,Hispanic,22537,18396,39755
Val Verde,Other,2985,2343,5639
Val Verde,Unknown,2359,1651,3849
Val Verde,White,6743,5566,12507
Van Zandt,Asian,130,110,238
Van Zandt,Black,577,526,1115
Van Zandt,Hispanic,2043,1745,3715
Van Zandt,Other,2289,2066,4595
Van Zandt,Unknown,1653,1373,2925
Van Zandt,White,15038,13561,28428
Victoria,Asian,706,654,1367
Victoria,Black,2011,1800,3923
Victoria,Hispanic,15139,13527,28925
Victoria,Other,6338,5715,12867
Victoria,Unknown,4001,3401,7814
Victoria,White,18190,16465,35447
Walker,Asian,480,408,897
Walker,Black,6736,5824,12521
Walker,Hispanic,4223,3632,7490
Walker,Other,7945,6952,15435
Walker,Unknown,1345,1037,2334
Walker,White,16169,14296,30140
Waller,Asian,540,471,1006
Waller,Black,3062,2680,5741
Waller,Hispanic,7079,6107,12920
Waller,Other,3814,3362,7609
Waller,Unknown,919,698,1560
Waller,White,8984,7960,16841
Ward,Asian,41,35,80
Ward,Black,112,100,203
Ward,Hispanic,2345,1975,4227
Ward,Other,358,326,716
Ward,Unknown,443,385,847
Ward,White,1435,1243,2633
Washington,Asian,347,312,671
Washington,Black,2115,1863,3941
Washington,Hispanic,1967,1705,3618
Washington,Other,3610,3317,7369
Washington,Unknown,929,756,1649
Washington,White,9977,9039,19329
Webb,Asian,620,539,1141
Webb,Black,206,160,342
Webb,Hispanic,170817,140938,305458
Webb,Other,20047,16749,33998
Webb,Unknown,19513,16679,37089
Webb,White,33437,28560,60477
Wharton,Asian,135,116,257
Wharton,Black,2098,1801,3912
Wharton,Hispanic,6611,5586,12055
Wharton,Other,4111,3605,8004
Wharton,Unknown,976,782,1601
Wharton,White,8130,7213,15016
Wheeler,Asian,16,15,30
Wheeler,Black,25,21,44
Wheeler,Hispanic,434,368,765
Wheeler,Other,165,145,349
Wheeler,Unknown,306,272,600
Wheeler,White,1110,1021,2048
Wichita,Asian,1363,1216,2607
Wichita,Black,4315,3747,7726
Wichita,Hispanic,8011,7006,14895
Wichita,Other,7714,6953,15406
Wichita,Unknown,6634,5758,12386
Wichita,White,32592,29746,63343
Wilbarger,Asian,287,271,547
Wilbarger,Black,345,304,628
Wilbarger,Hispanic,1328,1198,2332
Wilbarger,Other,228,189,417
Wilbarger,Unknown,1299,1184,2486
Wilbarger,White,3098,2918,5912
Willacy,Asian,24,22,49
Willacy,Black,180,147,328
Willacy,Hispanic,11270,9797,20493
Willacy,Other,959,777,1804
Willacy,Unknown,699,588,1333
Willacy,White,1415,1238,2716
Williamson,Asian,32672,29567,62767
Williamson,Black,17285,15255,32258
Williamson,Hispanic,67534,59315,127066
Williamson,Other,78957,71315,159754
Williamson,Unknown,24021,19598,42070
Williamson,White,176780,160374,338544
Wilson,Asian,165,154,321
Wilson,Black,354,307,662
Wilson,Hispanic,7014,6273,13252
Wilson,Other,4576,4060,8835
Wilson,Unknown,2172,1818,4016
Wilson,White,12368,11129,23169
Winkler,Asian,33,32,59
Winkler,Black,42,39,75
Winkler,Hispanic,1457,1253,2642
Winkler,Other,189,159,363
Winkler,Unknown,620,551,1227
Winkler,White,795,705,1450
Wise,Asian,223,194,418
Wise,Black,309,274,581
Wise,Hispanic,4732,4079,8659
Wise,Other,2694,2378,5450
Wise,Unknown,1896,1683,3564
Wise,White,17944,16124,33940
Wood,Asian,117,109,221
Wood,Black,709,629,1368
Wood,Hispanic,1424,1262,2633
Wood,Other,3346,3068,6914
Wood,Unknown,1462,1239,2608
Wood,White,13100,11946,24865
Yoakum,Asian,17,14,30
Yoakum,Black,11,10,19
Yoakum,Hispanic,1970,1690,3370
Yoakum,Other,147,99,247
Yoakum,Unknown,666,603,1270
Yoakum,White,838,747,1468
Young,Asian,37,34,68
Young,Black,48,45,90
Young,Hispanic,1201,1070,2166
Young,Other,1752,1559,3418
Young,Unknown,584,512,1125
Young,White,4031,3619,7418
Zapata,Asian,7,5,12
Zapata,Black,2,0,2
Zapata,Hispanic,6745,5938,12238
Zapata,Other,1041,875,1951
Zapata,Unknown,500,467,1007
Zapata,White,763,612,1392
Zavala,Asian,7,6,13
Zavala,Black,16,14,28
Zavala,Hispanic,4407,3883,8627
Zavala,Other,491,429,1028
Zavala,Unknown,359,279,641
Zavala,White,992,874,1989
